Title,Company,Link
React Developer,YouGov,https://stackoverflow.com/jobs/369578/react-developer-yougov
Full-stack engineer (React + Rails),Almanac,https://stackoverflow.com/jobs/371120/full-stack-engineer-react-plus-rails-almanac
Développeur Full-Stack JavaScript (React/Node) en Remote,SkillValue,https://stackoverflow.com/jobs/387926/d%C3%A9veloppeur-full-stack-javascript-react-node-en-skillvalue
"Full Stack Software Engineer (Node.js, React, AWS) - Remote",Deep Consulting Solutions,https://stackoverflow.com/jobs/388522/full-stack-software-engineer-nodejs-react-deep-consulting-solutions
"Software Engineer, Front End/React",SpiderOak,https://stackoverflow.com/jobs/394495/software-engineer-front-end-react-spideroak
React Engineer | Native or Web | 100% Remote,G2i Inc,https://stackoverflow.com/jobs/229077/react-engineer-native-or-web-100-remote-g2i-inc
Senior React Developer (Remote),X-Team,https://stackoverflow.com/jobs/277612/senior-react-developer-remote-x-team
Front-End Developer (React/GraphQL),Apacio Ltd,https://stackoverflow.com/jobs/397853/front-end-developer-react-graphql-apacio-ltd
Remote Senior Full Stack Laravel + React Developer,Scalable Path,https://stackoverflow.com/jobs/396318/remote-senior-full-stack-laravel-plus-react-developer-scalable-path
Remote - Senior Full Stack React + Node + AWS,Evolution Virtual,https://stackoverflow.com/jobs/390907/remote-senior-full-stack-react-plus-node-plus-aws-evolution-virtual
Front-End ReactJS Architect,Flocknote,https://stackoverflow.com/jobs/395763/front-end-reactjs-architect-flocknote
Tech Lead FS - NodeJs / React / RN Developer Required for Realtime Application,Rekordio,https://stackoverflow.com/jobs/371868/tech-lead-fs-nodejs-react-rn-developer-rekordio
"Full Stack Engineer - JavaScript, React, Node.js",News UK,https://stackoverflow.com/jobs/373873/full-stack-engineer-javascript-react-nodejs-news-uk
"Senior Full-stack Engineer (React, Node.js) - Remote",SemanticBits,https://stackoverflow.com/jobs/390912/senior-full-stack-engineer-react-nodejs-semanticbits
"Full Stack Engineer - JavaScript, React, Node.js",News UK,https://stackoverflow.com/jobs/397609/full-stack-engineer-javascript-react-nodejs-news-uk
Senior Frontend Developer (React.js),Mahisoft Inc,https://stackoverflow.com/jobs/295352/senior-frontend-developer-reactjs-mahisoft-inc
"Full Stack Engineer (React, Java)",Modus Create,https://stackoverflow.com/jobs/395702/full-stack-engineer-react-java-modus-create
Senior Full Stack Software Engineer (React Python Flask),FineTune Learning,https://stackoverflow.com/jobs/270372/senior-full-stack-software-engineer-react-python-finetune-learning
"Freelance React Developer – Remote, Full-time",Toptal,https://stackoverflow.com/jobs/395774/freelance-react-developer-remote-full-time-toptal
"JavaScript / React Game Developer (m, w, x)",Matchday GmbH,https://stackoverflow.com/jobs/390759/javascript-react-game-developer-m-w-x-matchday-gmbh
"Full Stack Developer - Java, ElasticSearch, GraphQL and ReactJS",Contrast Security,https://stackoverflow.com/jobs/390294/full-stack-developer-java-elasticsearch-contrast-security
Senior Frontend Developer (React),"Shogun Labs, Inc",https://stackoverflow.com/jobs/396323/senior-frontend-developer-react-shogun-labs-inc
"Driven Systemutvecklare .NET Core, AWS, React - hemifrån på heltid",e-Avrop AB,https://stackoverflow.com/jobs/241685/driven-systemutvecklare-net-core-aws-react-e-avrop-ab
"Senior software engineer (python, typescript, reactjs, nextjs, kafka, docker)",EverQuote Inc.,https://stackoverflow.com/jobs/385234/senior-software-engineer-python-typescript-everquote-inc
Sr Software Engineer / Web Developer,Branding Brand,https://stackoverflow.com/jobs/367291/sr-software-engineer-web-developer-branding-brand
Product Designer,CompanyCam,https://weworkremotely.com/remote-jobs/companycam-product-designer
Senior UI/UX designer,Whitespectre,https://weworkremotely.com/remote-jobs/whitespectre-senior-ui-ux-designer-1
Ruby on Rails Developer,Power Home Remodeling,https://weworkremotely.com/remote-jobs/power-home-remodeling-ruby-on-rails-developer
Senior JavaScript Developer Trainer,Kinsta,https://weworkremotely.com/remote-jobs/kinsta-senior-javascript-developer-trainer
Fullstack Developer,The Recount,https://weworkremotely.com/remote-jobs/the-recount-fullstack-developer
Shopify Developer,Wick Creative,https://weworkremotely.com/remote-jobs/wick-creative-shopify-developer-1
PHP Developer & Support Engineer,Pictureworks,https://weworkremotely.com/remote-jobs/pictureworks-php-developer-support-engineer
Senior Software Engineer,Dover,https://weworkremotely.com/remote-jobs/dover-senior-software-engineer
Backend Developer,Wesrom Corporation,https://weworkremotely.com/remote-jobs/wesrom-corporation-backend-developer
Ruby on Rails Developer (5+ years),Power Home Remodeling,https://weworkremotely.com/remote-jobs/power-home-remodeling-ruby-on-rails-developer-5-years
Java Backend Engineer,Prospect,https://weworkremotely.com/remote-jobs/prospect-java-backend-engineer
Software Engineer-General,Bevy,https://weworkremotely.com/remote-jobs/bevy-software-engineer-general
Sr. Web Developer - Magento/Drupal,Bear Group,https://weworkremotely.com/remote-jobs/bear-group-sr-web-developer-magento-drupal
Full Stack Engineer,Moment,https://weworkremotely.com/remote-jobs/moment-full-stack-engineer
Front End Engineer,Function,https://weworkremotely.com/remote-jobs/function-front-end-engineer
SENIOR FULL STACK DEVELOPER @ CLARITY.IO,Clarity Movement Co.,https://weworkremotely.com/remote-jobs/clarity-movement-co-senior-full-stack-developer-clarity-io-1
Ruby on Rails Full-Stack Support Engineer,Health eFilings,https://weworkremotely.com/remote-jobs/health-efilings-ruby-on-rails-full-stack-support-engineer
Senior Full-stack Engineer (Ruby on Rails),RemoteLock,https://weworkremotely.com/remote-jobs/remotelock-senior-full-stack-engineer-ruby-on-rails-1
ReactJS Developer,ColorElephant,https://weworkremotely.com/remote-jobs/colorelephant-reactjs-developer
Senior Ruby on Rails Backend Engineer,Conferize,https://weworkremotely.com/remote-jobs/conferize-senior-ruby-on-rails-backend-engineer
Mobile Engineer (React Native),Tempest,https://weworkremotely.com/remote-jobs/tempest-mobile-engineer-react-native
Badass Software Agency Seeks Awesome .NET/C# Engineer,Badass Software Agency,https://weworkremotely.com/remote-jobs/badass-software-agency-badass-software-agency-seeks-awesome-net-c-engineer
PHP and React Developers for Wordpress,OnTheGoSystems,https://weworkremotely.com/remote-jobs/onthegosystems-php-and-react-developers-for-wordpress
Online Teacher of Software Development,McLaren College,https://weworkremotely.com/remote-jobs/mclaren-college-online-teacher-of-software-development-1
Senior WordPress Developer,Formidable Forms,https://weworkremotely.com/remote-jobs/formidable-forms-senior-wordpress-developer
Full Stack Developer,ElevenYellow,https://weworkremotely.com/remote-jobs/elevenyellow-full-stack-developer
WordPress Developer (Part-Time),SimpleTexting,https://weworkremotely.com/remote-jobs/simpletexting-wordpress-developer-part-time
Senior Full Stack Engineer,Thinkific,https://weworkremotely.com/remote-jobs/thinkific-senior-full-stack-engineer
Senior Technical Customer Champion,Thinkific,https://weworkremotely.com/remote-jobs/thinkific-senior-technical-customer-champion
Mobile Web Solutions Architect,Power Home Remodeling,https://weworkremotely.com/remote-jobs/power-home-remodeling-mobile-web-solutions-architect
Sr. Front-End Developer & Team Lead,Bear Group ,https://weworkremotely.com/remote-jobs/bear-group-sr-front-end-developer-team-lead
Drupal Developer,PRI,https://weworkremotely.com/remote-jobs/pri-drupal-developer-2
SEO Strategist,Kinsta,https://weworkremotely.com/remote-jobs/kinsta-seo-strategist
Technical Product Owner,Amazee Labs,https://weworkremotely.com/remote-jobs/amazee-labs-technical-product-owner
Senior Backend Engineer,Density Inc.,https://weworkremotely.com/remote-jobs/density-inc-senior-backend-engineer
Senior Full Stack Ruby on Rails Engineer,"Planet Home, LLC.",https://weworkremotely.com/remote-jobs/planet-home-llc-senior-full-stack-ruby-on-rails-engineer
Senior Full Stack Laravel React Developer,Scalable Path,https://remoteok.io/remote-companies/scalable-path
Senior Web Developer - Full Stack,Smartbridge AG,https://remoteok.io/remote-companies/smartbridge-ag
Ruby on Rails Developer,PipelineDeals,https://remoteok.io/remote-companies/pipelinedeals
Software Developer,Ollie Order,https://remoteok.io/remote-companies/ollie-order
Full Stack Javascript Typescript Vue Nuxt Docker Mongodb Developer React Ok,Primary Bid,https://remoteok.io/remote-companies/primary-bid
Javascript Developer,The Night Sky,https://remoteok.io/remote-companies/the-night-sky
Front-end React.js Developer,RemoteLeads,https://remoteok.io/remote-companies/remoteleads
Senior Full Stack Web Developer,HoloMeeting,https://remoteok.io/remote-companies/holomeeting
Senior Mobile React Developer,Chessable Limited,https://remoteok.io/remote-companies/chessable-limited
Developingpanel,Social Media Marketing,https://remoteok.io/remote-companies/social-media-marketing
Javascript React Game Developer,Matchday,https://remoteok.io/remote-companies/matchday
Ruby React Software Engineer 100,Clevertech,https://remoteok.io/remote-companies/clevertech
Full Stack Developer,Uprise,https://remoteok.io/remote-companies/uprise
Frontend Developer - React/redux,IDEX Innovation,https://remoteok.io/remote-companies/idex-innovation
Junior Mid Level React Developer,Trumid Technologies,https://remoteok.io/remote-companies/trumid-technologies
Full Stack PHP React Developer,Scalable Path,https://remoteok.io/remote-companies/scalable-path
Lead React Threejs Developer 100,Clevertech,https://remoteok.io/remote-companies/clevertech
React Native Mobile App Developer,BuddyBoss,https://remoteok.io/remote-companies/buddyboss
Freelance React Native Developer,Toptal,https://remoteok.io/remote-companies/toptal
Expert Frontend React Redux Developer,Scalable Path,https://remoteok.io/remote-companies/scalable-path
Expert React Nodejs Mongodb Developer,Scalable Path,https://remoteok.io/remote-companies/scalable-path
Senior React Native Developer,Mahisoft,https://remoteok.io/remote-companies/mahisoft
Full Stack Web Developer With React Ruby On Rails Experience,Radish Lab,https://remoteok.io/remote-companies/radish-lab
Generalist Mid Senior Level Software Developer Who Loves React Typescript,Niphtio,https://remoteok.io/remote-companies/niphtio
Senior Software Engineer (.net/react),Eedi (a LEGO backed startup),https://remoteok.io/remote-companies/eedi-a-lego-backed-startup
Freelance React Developer –,Toptal,https://remoteok.io/remote-companies/toptal
Software Engineer,Commsor,https://remoteok.io/remote-companies/commsor
React Native Developer 100,Clevertech,https://remoteok.io/remote-companies/clevertech
Wordpress Developer (php/js/react),Dashwork Studio Pvt. Ltd.,https://remoteok.io/remote-companies/dashwork-studio-pvt-ltd
Full Stack Developer,Airofit,https://remoteok.io/remote-companies/airofit
Senior Front End Developer,Remotesome,https://remoteok.io/remote-companies/remotesome
Javascript Developer,RemoteLeads,https://remoteok.io/remote-companies/remoteleads
Hardcore React Native Nodejs Application Developer Required,Rekordio,https://remoteok.io/remote-companies/rekordio
Lead Developer,Professional Insight,https://remoteok.io/remote-companies/professional-insight
Senior React Developer For Position,GLOBAL APPCASTING,https://remoteok.io/remote-companies/global-appcasting
Senior Full Stack PHP React Developer,Scalable Path,https://remoteok.io/remote-companies/scalable-path
Senior Software Engineer - Frontend,Athenian,https://remoteok.io/remote-companies/athenian
Full Stack Node React Developer For Chrome Extension,Scalable Path,https://remoteok.io/remote-companies/scalable-path
Senior Node React Mongodb Developer,Scalable Path,https://remoteok.io/remote-companies/scalable-path
"Senior Software Engineer, Mobile",Fresh Tri,https://remoteok.io/remote-companies/fresh-tri
Senior React Developer 100,Clevertech,https://remoteok.io/remote-companies/clevertech
Expert FS Nodejs React RN Developer Required For Realtime Application,Rekordio,https://remoteok.io/remote-companies/rekordio
Senior Software Engineer (m/f/d),MVPF,https://remoteok.io/remote-companies/mvpf
React Native Developer,Ascent Software,https://remoteok.io/remote-companies/ascent-software
React Native Developer,Evertel Technologies,https://remoteok.io/remote-companies/evertel-technologies
React JS Developer,komoot,https://remoteok.io/remote-companies/komoot
React Developer For Job,GLOBAL APPCASTING,https://remoteok.io/remote-companies/global-appcasting
Part-time React Native Developer,Chop Dawg,https://remoteok.io/remote-companies/chop-dawg
React Developer,YouGov,https://remoteok.io/remote-companies/yougov
Software Engineer (react),Praxent,https://remoteok.io/remote-companies/praxent
Software Engineering Manager,Praxent,https://remoteok.io/remote-companies/praxent
Senior Full Stack PHP React Mysql Developer,Scalable Path,https://remoteok.io/remote-companies/scalable-path
React React Native Developer,Soshace,https://remoteok.io/remote-companies/soshace
100% Senior React Developer,Clevertech,https://remoteok.io/remote-companies/clevertech
Senior React Developer,Mahisoft,https://remoteok.io/remote-companies/mahisoft
React Angular Front End Developer,Soshace,https://remoteok.io/remote-companies/soshace
React Developer Opportunity,Hays,https://remoteok.io/remote-companies/hays
React Developer,Hays,https://remoteok.io/remote-companies/hays
React Developer A Virtual Team,GLOBAL APPCASTING,https://remoteok.io/remote-companies/global-appcasting
React Python Developer 100,Clevertech,https://remoteok.io/remote-companies/clevertech
Front End Developer Experienced React Angular,Soshace,https://remoteok.io/remote-companies/soshace
Senior React RN Developer,Trainer Road,https://remoteok.io/remote-companies/trainer-road
100% Python React Developer,Clevertech,https://remoteok.io/remote-companies/clevertech
"Javascript Developer (react, Redux)",WIREWAX,https://remoteok.io/remote-companies/wirewax
React UI Software Engineer,LocusLabs,https://remoteok.io/remote-companies/locuslabs
100% React 3D Developer,Clevertech,https://remoteok.io/remote-companies/clevertech
React 3D Developer,Clevertech,https://remoteok.io/remote-companies/clevertech
Senior React Developer,Toptal,https://remoteok.io/remote-companies/toptal
Javascript (react) Software Engineer,Prospect,https://remoteok.io/remote-companies/prospect
Full Stack Developer Node React 100,Clevertech,https://remoteok.io/remote-companies/clevertech
React Developer,Clevertech,https://remoteok.io/remote-companies/clevertech
Sr UI Engineer / Typescript / React,Accord,https://remoteok.io/remote-companies/accord
Frontend Developer,MOZN,https://remoteok.io/remote-companies/mozn
Full Stack React Django Developer,Soshace,https://remoteok.io/remote-companies/soshace
Full Stack Developer,MeetEdgar,https://remoteok.io/remote-companies/meetedgar
Senior React Developer,KNØX,https://remoteok.io/remote-companies/knox
Node React Elasticsearch Developer 100,Clevertech,https://remoteok.io/remote-companies/clevertech
Node React Elasticsearch Developer,Clevertech,https://remoteok.io/remote-companies/clevertech
Senior React Developer,Clevertech,https://remoteok.io/remote-companies/clevertech
React / Node Developer,CodeCubed,https://remoteok.io/remote-companies/codecubed
UI Developer (freelance),Modern Tribe,https://remoteok.io/remote-companies/modern-tribe
Front End Developer With Experience React Angular,Soshace,https://remoteok.io/remote-companies/soshace
Front-end Developer,Jetcake,https://remoteok.io/remote-companies/jetcake
Full Stack Web Developer With React Ruby Docker Experience,Radish Lab,https://remoteok.io/remote-companies/radish-lab
Full Stack Developer - React / Node,Moveli,https://remoteok.io/remote-companies/moveli
Javascript/react/node Developer,"2UP Technology, Inc",https://remoteok.io/remote-companies/2up-technology-inc
Front End React Angular Developer With Experience On The Back End,Soshace,https://remoteok.io/remote-companies/soshace
Front-end React/angular Developer,Soshace,https://remoteok.io/remote-companies/soshace
Senior Nodejs React Developer,Dealer Inspire,https://remoteok.io/remote-companies/dealer-inspire
Senior React Native Developer,SerpicoDEV,https://remoteok.io/remote-companies/serpicodev
Senior Front End Developer,Filestage,https://remoteok.io/remote-companies/filestage
React Elasticsearch Developer,Clevertech,https://remoteok.io/remote-companies/clevertech
Developer or Senior Developer,MVPF,https://remoteok.io/remote-companies/mvpf
Full Stack Web Developer,GooseChase,https://remoteok.io/remote-companies/goosechase
Frontend React.js Developer,MPS Health,https://remoteok.io/remote-companies/mps-health
React Angular Developer With Experience On The Back End,Soshace,https://remoteok.io/remote-companies/soshace
Senior Frontend React Developer,Kraken Digital Asset Exchange,https://remoteok.io/remote-companies/kraken-digital-asset-exchange
React Software Engineer,Songspace,https://remoteok.io/remote-companies/songspace
Senior Full-stack Developer,PolySwarm,https://remoteok.io/remote-companies/polyswarm
React Developer,n3o Ltd,https://remoteok.io/remote-companies/n3o-ltd
React Native React Web Developer,G2i,https://remoteok.io/remote-companies/g2i
Full Stack Developer With React Django,Soshace,https://remoteok.io/remote-companies/soshace
Front End Developer With React Angular2,Soshace,https://remoteok.io/remote-companies/soshace
Ecommerce Developer,BranchLabs,https://remoteok.io/remote-companies/branchlabs
Senior React Native Nodejs Mobile Developer,Scalable Path,https://remoteok.io/remote-companies/scalable-path
Software Engineer,World Wide Technology,https://remoteok.io/remote-companies/world-wide-technology
Front-end React.js Javascript Developer,ApproveMe,https://remoteok.io/remote-companies/approveme
React Native Mobile App Developer,Gen Con,https://remoteok.io/remote-companies/gen-con
Senior Developer,Gravity Forms,https://remoteok.io/remote-companies/gravity-forms
Full Stack Developer,Pento ApS,https://remoteok.io/remote-companies/pento-aps
Senior Level React Native Developer,SerpicoDEV,https://remoteok.io/remote-companies/serpicodev
"Full-stack Developer - React.js, Node.js, Mongodb",AKTEK,https://remoteok.io/remote-companies/aktek
Senior Full Stack Developer (rails/react),MeetEdgar,https://remoteok.io/remote-companies/meetedgar
Mobile Application Developer (react Native),BuddyBoss,https://remoteok.io/remote-companies/buddyboss
Senior React Native Developer,Mobiquity,https://remoteok.io/remote-companies/mobiquity
React Software Developer,Substantial,https://remoteok.io/remote-companies/substantial
Javascript Developer - Front End / Back End / Full-stack,Scoutbase,https://remoteok.io/remote-companies/scoutbase
React Native Mobile Developer,Clevertech,https://remoteok.io/remote-companies/clevertech
Front-end Developer with React or Angular2+,Soshace,https://remoteok.io/remote-companies/soshace
Front-end Developer,Chili Piper,https://remoteok.io/remote-companies/chili-piper
Javascript Developer - Backend or Frontend,Tribe Labs,https://remoteok.io/remote-companies/tribe-labs
Senior Full Stack Developer Node React,Clevertech,https://remoteok.io/remote-companies/clevertech
React Developer,groupXS Solutions,https://remoteok.io/remote-companies/groupxs-solutions
"Javascript (node.js, React) Developer",Paperpile,https://remoteok.io/remote-companies/paperpile
Full Stack Developer Node React,Clevertech,https://remoteok.io/remote-companies/clevertech
Rails React Developer Own Revamp Existing Successful Product,Litify,https://remoteok.io/remote-companies/litify
React Node.js Full Stack Developer,Soshace,https://remoteok.io/remote-companies/soshace
Senior Software Engineer,Jilt,https://remoteok.io/remote-companies/jilt
Full Stack Developer,CompanyCam,https://remoteok.io/remote-companies/companycam
Senior Node React Developer,NearForm,https://remoteok.io/remote-companies/nearform
Full-stack Javascript Developer for Next Generation App,Marigold Solutions Inc,https://remoteok.io/remote-companies/marigold-solutions-inc
Full Stack Software Engineer (JS),SlashData,https://remoteok.io/remote-companies/slashdata
React Native Developer IOS Android Web,Appy Health,https://remoteok.io/remote-companies/appy-health
Javascript Developer Reactjs,Big Nerd Ranch,https://remoteok.io/remote-companies/big-nerd-ranch
React Developer,X-Team,https://remoteok.io/remote-companies/x-team
Senior PHP React Developer,PNDLM,https://remoteok.io/remote-companies/pndlm
Frontend Developer,Netdata Inc.,https://remoteok.io/remote-companies/netdata-inc-
React Node JS Developer,Dealer Inspire,https://remoteok.io/remote-companies/dealer-inspire
Senior Full Stack Node React Developer,Scalable Path,https://remoteok.io/remote-companies/scalable-path
Senior React React Native Developer,CloseCross,https://remoteok.io/remote-companies/closecross
Full Stack Developer,Supernova.io,https://remoteok.io/remote-companies/supernova-io
Frontend Developer with React or Angular 2+,Soshace,https://remoteok.io/remote-companies/soshace
Full Stack Developer,Mattermost,https://remoteok.io/remote-companies/mattermost
Full Stack React Developer,SemanticBits,https://remoteok.io/remote-companies/semanticbits
Sr. React Developer,"DockYard, Inc.",https://remoteok.io/remote-companies/dockyard-inc-
Senior Software Engineer,Forager Logistics,https://remoteok.io/remote-companies/forager-logistics
Senior Full Stack Engineer,Interview Schedule,https://remoteok.io/remote-companies/interview-schedule
Software Engineer (senior or Mid Level),Sigma Ratings,https://remoteok.io/remote-companies/sigma-ratings
Front-end Developer for Safetywing (YC W18),SafetyWing,https://remoteok.io/remote-companies/safetywing
"Sr. Full Stack Developer, Node/react",Clevertech,https://remoteok.io/remote-companies/clevertech
